{"fileName":"caidai","version":1559221137876,"imgScale":{},"stageHgith":1348,"imgP":{"i_148000961":{},"i_148000967":{},"i_148000953":{},"i_148000951":{},"i_148000968":{},"i_148000954":{},"i_148000964":{},"i_148000958":{},"i_148000956":{},"i_148000957":{},"i_148000960":{},"i_148000955":{},"i_148000966":{},"i_148000965":{},"i_148000962":{},"i_148000963":{},"i_148000952":{},"i_148000959":{}},"inputScale":1,"imgArr":[{"size":676747,"name":"0"},{"size":254026,"name":"1"},{"size":225421,"name":"2"},{"size":213895,"name":"3"},{"size":257236,"name":"4"},{"size":264801,"name":"5"},{"size":146041,"name":"6"}],"mcObjs":{"root":{"frameLabels":{"caidai":{"begin":0}},"direction":1,"floor":150,"totalFrame":19,"screenH":640,"frameTime":41,"layers":[[{"x":0,"libName":"i_148000951","y":0},{"x":-188,"libName":"i_148000952","y":-185},{"x":-376,"libName":"i_148000953","y":-392},{"x":-418,"libName":"i_148000954","y":-426},{"x":-463,"libName":"i_148000955","y":-464},{"x":-514,"libName":"i_148000956","y":-512},{"x":-566,"libName":"i_148000957","y":-558},{"x":-621,"libName":"i_148000958","y":-593},{"x":-676,"libName":"i_148000959","y":-593},{"x":-724,"libName":"i_148000960","y":-593},{"x":-744,"libName":"i_148000961","y":-585},{"x":-760,"libName":"i_148000962","y":-479},{"x":-774,"libName":"i_148000963","y":-362},{"x":-787,"libName":"i_148000964","y":-247},{"x":-802,"libName":"i_148000965","y":-139},{"x":-807,"libName":"i_148000966","y":-40},{"x":-797,"libName":"i_148000967","y":56},{"x":-780,"libName":"i_148000968","y":138},{}]],"pivotX":46}},"stageWidth":1562,"scale":1,"clipping":{"clippingPadding":3}}