{"file":"OneClass_Move_big_page_scene6.png","frames":{
"OneClass_Move_6-1":{"x":1,"y":1,"w":97,"h":95,"offX":0,"offY":36,"sourceW":97,"sourceH":164},
"OneClass_Move_6-10":{"x":71,"y":112,"w":68,"h":110,"offX":16,"offY":26,"sourceW":121,"sourceH":162},
"OneClass_Move_6-11":{"x":179,"y":1,"w":74,"h":110,"offX":23,"offY":26,"sourceW":121,"sourceH":162},
"OneClass_Move_6-2":{"x":211,"y":113,"w":32,"h":108,"offX":37,"offY":28,"sourceW":121,"sourceH":162},
"OneClass_Move_6-3":{"x":70,"y":224,"w":67,"h":108,"offX":27,"offY":26,"sourceW":121,"sourceH":162},
"OneClass_Move_6-4":{"x":1,"y":98,"w":68,"h":110,"offX":23,"offY":26,"sourceW":121,"sourceH":162},
"OneClass_Move_6-5":{"x":100,"y":1,"w":77,"h":109,"offX":22,"offY":26,"sourceW":121,"sourceH":162},
"OneClass_Move_6-6":{"x":139,"y":225,"w":67,"h":108,"offX":29,"offY":28,"sourceW":121,"sourceH":162},
"OneClass_Move_6-7":{"x":141,"y":113,"w":68,"h":110,"offX":26,"offY":26,"sourceW":121,"sourceH":162},
"OneClass_Move_6-8":{"x":1,"y":322,"w":65,"h":107,"offX":26,"offY":28,"sourceW":121,"sourceH":162},
"OneClass_Move_6-9":{"x":1,"y":210,"w":67,"h":110,"offX":26,"offY":26,"sourceW":121,"sourceH":162}}}