{"file":"OneClass_Move_big_page_scene4.png","frames":{
"OneClass_Move_4-1":{"x":210,"y":113,"w":32,"h":108,"offX":37,"offY":28,"sourceW":121,"sourceH":162},
"OneClass_Move_4-10":{"x":80,"y":1,"w":74,"h":110,"offX":23,"offY":26,"sourceW":121,"sourceH":162},
"OneClass_Move_4-2":{"x":70,"y":225,"w":67,"h":108,"offX":27,"offY":26,"sourceW":121,"sourceH":162},
"OneClass_Move_4-3":{"x":156,"y":1,"w":68,"h":110,"offX":23,"offY":26,"sourceW":121,"sourceH":162},
"OneClass_Move_4-4":{"x":1,"y":1,"w":77,"h":109,"offX":22,"offY":26,"sourceW":121,"sourceH":162},
"OneClass_Move_4-5":{"x":1,"y":224,"w":67,"h":108,"offX":29,"offY":28,"sourceW":121,"sourceH":162},
"OneClass_Move_4-6":{"x":1,"y":112,"w":68,"h":110,"offX":26,"offY":26,"sourceW":121,"sourceH":162},
"OneClass_Move_4-7":{"x":139,"y":225,"w":65,"h":107,"offX":26,"offY":28,"sourceW":121,"sourceH":162},
"OneClass_Move_4-8":{"x":141,"y":113,"w":67,"h":110,"offX":26,"offY":26,"sourceW":121,"sourceH":162},
"OneClass_Move_4-9":{"x":71,"y":113,"w":68,"h":110,"offX":16,"offY":26,"sourceW":121,"sourceH":162}}}